"id","title","description","user_id","photo_saved_at","created_at","updated_at"
2617142,"アラの出汁で炊く！圧力鍋で絶品鯛飯","鯛のアラが手に入ったらぜひ！しっかりしたお出汁で料亭のようなお味の鯛飯が簡単に作れます。",1850835,"2014-05-07 07:50:30","2014-05-07 07:47:12","2014-07-15 13:33:54"
3346789,"ソーセージ入り＊トマト丸ごとカレースープ","トマトを丸ごと1つ。カレー粉も使って、夏に美味しいスープです。",6795544,"2015-08-14 10:46:36","2015-08-14 10:45:41","2015-08-14 21:16:00"
6096344,"ピリ辛の温玉肉味噌うどん","さっぱり美味しい肉味噌うどんです。 エリンギを刻んで入れてるのでうまみ増し増しです。",15735327,"2020-03-23 20:36:50","2020-03-23 20:36:48","2020-03-25 13:15:34"
7251826,"究極しっとり！【リコッタチーズケーキ】","爽やかなリコッタチーズを使ったしっとりチーズケーキ。生地はすべてフープロで1度に混ぜるだけなので、とても簡単です。",1850835,"2023-07-10 23:36:04","2023-07-10 11:11:53","2023-07-10 23:40:13"
7255988,"クミン香る！鶏モモトマト煮込み","クミンの香りがポイントの、鶏モモのトマト煮込みです。",15735327,"2023-07-18 10:33:11","2023-07-15 00:04:38","2023-07-19 20:40:47"
1014225,"バレンタインに☆ココアのシンプルクッキー","焼くまでの準備時間は約10分。フードプロセッサーで超簡単にできて、お口でほろっと崩れる優しい味わいのクッキーですよ",1850835,"2010-01-18 19:35:52","2010-01-18 19:35:52","2019-10-03 13:08:23"
4299431,"【牛乳なし】ブルーチーズでカルボナーラ","チーズと卵だけで作るカルボナーラです！",10475640,"2017-01-19 20:49:51","2017-01-19 20:45:29","2017-08-05 20:13:18"
5680136,"カレー味！豚肉入りきんぴらごぼう","めんつゆとカレー粉で味付けも簡単♪豚肉も入って、ご飯の進むおかずです。しっかり味なのでお弁当にもおすすめ◎",6795544,"2019-06-13 23:15:25","2019-06-03 21:47:17","2019-06-14 07:57:26"
4970808,"豚の生姜焼きとピーナツバターのサンド","意外に合います",10475640,"2018-03-07 02:23:17","2018-03-07 02:23:13","2018-03-07 17:27:08"
2437682,"ヒヨコ豆のカレーサラダ","5分で出来ちゃう簡単サイドメニュー。カレー味のひよこ豆も美味しいですよ！",1850835,"2013-12-27 10:55:27","2013-12-17 13:17:11","2014-05-09 15:11:21"
7248364,"【1:1の黄金比】鶏もも肉の塩麹漬け","塩麹とみりんは1:1のシンプル配合です。漬けて焼くだけで極上のおかずになり、冷めてもおいしいのでお弁当にも◎",1850835,"2023-07-06 18:51:25","2023-07-06 10:53:26","2023-07-06 19:18:14"
6458305,"豚バラと茗荷と大葉で薬味たっぷり和パスタ","茗荷、大葉、ネギ、しょうが、薬味がたくさんで、さっぱり美味しいパスタです。 ランチにおすすめです。",15735327,"2020-09-22 10:24:51","2020-09-22 10:24:40","2020-09-22 10:44:06"
3389006,"桃と生ハムで作るイタリアンサラダ","旬の桃を使ったイタリアンサラダ。生ハム入りでちょっと贅沢に♪",6795544,"2015-09-07 15:27:40","2015-09-07 07:01:36","2015-09-12 17:48:27"
3404561,"エジプト塩で☆エスニックそぼろおにぎり","お肉と相性のいいエジプト塩を使って、簡単おにぎりです。 ",6795544,"2015-09-14 17:46:03","2015-09-14 17:34:16","2015-09-14 22:59:26"
4961134,"彩り豊か！ホワイトソースのパドンニパスタ","おもてなし・パーティに最適♪ 簡単につくれて、彩りも良く、とても美味しいです(^-^)",11300511,"2018-02-28 20:20:36","2018-02-28 20:20:29","2018-03-01 07:51:23"
3509851,"簡単！コーンバターの混ぜごはん","コーンを使った簡単混ぜごはんです。お弁当にぴったり。",6795544,"2015-11-11 07:53:45","2015-11-11 07:30:41","2015-11-11 07:54:36"
4993462,"糖質オフ☆ココナッツミルク&アー乳プリン","ココナッツミルクとアーモンドミルクを使い、糖質控えめのデザートです。甘さ控えめなので、トッピングで調整します。",6795544,"2018-03-21 18:08:12","2018-03-21 18:08:06","2018-03-21 18:24:22"
3722835,"わかめとエノキの和風和え・わさび入り","油を使わないからヘルシー！",6795544,"2016-03-01 20:35:25","2016-03-01 20:29:46","2016-03-03 12:58:32"
4312205,"韓国風ミニ海苔巻き★コマキンパ","小さくて食べやすい韓国風海苔巻き。巻き簾なしで気軽に作れるのもいいです♪節分の恵方巻き代わり、お弁当にも。",6795544,"2017-02-02 11:08:46","2017-01-26 10:53:34","2017-02-02 11:08:46"
5090699,"鶏もも肉とズッキーニのポン酢炒め","ポン酢でさっぱり、でもこってり満足感",10475640,"2018-05-24 23:35:03","2018-05-24 23:34:58","2018-05-25 14:01:19"
6009735,"シンプルでヘルシーな豚しゃぶ","シンプルな豚しゃぶです",15735327,"2020-01-29 14:39:01","2020-01-29 14:38:59","2023-07-16 13:51:54"
2799714,"おにぎらず〜長方形海苔ver.〜","すごーく簡単で、バリエーション豊富な『おにぎらず』を長方形の海苔（手巻き海苔）で作ってみました。",6795544,"2014-09-16 17:53:37","2014-09-16 17:49:16","2015-08-06 12:39:08"
5902076,"スープジャーで鶏飯(けいはん)弁当","鹿児島の鶏飯(けいはん)をスープジャーを使って再現しました♪",6795544,"2019-11-08 09:47:30","2019-11-08 09:47:28","2019-11-12 16:24:16"
5044241,"カレーリメイクつけ麺","余ったカレーでつけ麺(うどん)",10475640,"2018-04-23 21:15:53","2018-04-23 21:15:49","2018-09-06 02:13:33"
5803455,"レンジで焼き肉！？タレ漬け牛肉の胡麻和え","フライパンを使わず、電子レンジで調理が楽チン！ご飯がススムので、お弁当のおかずにもオススメです。",6795544,"2019-08-29 20:09:01","2019-08-29 20:07:39","2019-08-29 20:24:58"
6064508,"かぼちゃの煮物★ピーナッツバター風味","普通うのかぼちゃの煮物ですがちょっとコクを出したいなと思ってピーナッツバターを加えてみました。歯ごたえも出て良い感じ。",1850835,"2020-03-04 09:25:20","2020-03-04 09:20:25","2020-03-04 09:35:46"
7091708,"ブロッコリーとツナと大豆の糖質オフサラダ","タンパク質をしっかり取りたい時におすすめのサラダです。糖質制限中にぴったり！作り置き、サラダ弁当にも◎",6795544,"2023-01-28 12:23:12","2023-01-28 12:23:09","2023-02-14 19:29:20"
2829052,"お弁当に☆ツナマヨチーズはんぺん","お弁当にぴったりの簡単＆汁漏れしないおかず！",6795544,"2014-10-07 23:30:34","2014-10-07 23:26:50","2015-05-12 08:29:51"
4209929,"炒めて簡単！コンビーフポテト","コンビーフとじゃがいもで作る簡単おかず。お弁当やおつまみにも。",6795544,"2016-11-30 07:33:11","2016-11-29 23:15:53","2017-12-10 13:37:25"
4459676,"糖質オフ！ご飯なし！納豆と豆腐でポキ丼風","ご飯抜きでもお腹いっぱいに！火を使わず、15分ほどで作れるので時短レシピにもなります。",6795544,"2017-04-08 10:26:21","2017-04-08 10:26:18","2017-04-08 10:57:00"
4380913,"ミートソーススパゲティのリメイクグラタン","作りすぎたミートソーススパゲッティをリメイク！ボリュームたっぷりの一品に。ナポリタンも同様にアレンジ可能です。",6795544,"2017-02-26 15:36:47","2017-02-26 15:33:25","2017-02-26 16:00:34"
1210868,"チキンソテーのラタトゥユソース","チキンをシンプルにソテーし、野菜たっぷりのラタトゥユをソースにしていただきます。付け合わせにはぜひクスクスを。",1850835,"2010-08-15 14:59:41","2010-08-15 14:59:41","2010-09-29 11:41:08"
3493505,"ゆかりと柚子胡椒入り・とろろ昆布おにぎり","柚子胡椒おにぎりをアレンジ。和風でさっぱりしたおにぎりです。",6795544,"2015-11-03 12:56:15","2015-11-03 12:01:38","2015-11-05 12:22:39"
5036535,"鶏ハムとアボカドのコロコロ和え","鶏ハムでできるスピードメニューです",10475640,"2018-04-18 23:46:36","2018-04-18 23:46:31","2018-04-18 23:46:36"
5462721,"エリンギのサラダ","エリンギソテーを乗せたサラダです",10475640,"2019-01-21 13:05:41","2019-01-21 13:04:49","2019-01-21 13:12:06"
5700063,"ごぼうとベーコンのアンチョビソース炒め","ごぼうとベーコンの洋風おかず。アンチョビソースがあるときに♪",6795544,"2019-06-16 15:16:44","2019-06-16 15:16:42","2019-06-16 19:22:57"
4126767,"袋でモミモミ！簡単・鶏胸肉のピカタ","洗い物を最小限に。お弁当にもぴったりです。※写真は半量ほどのものになります。",6795544,"2016-10-17 10:48:57","2016-10-17 10:48:34","2016-10-17 10:59:17"
4872827,"黒豆と黒蜜のマフィン","頂き物の奄美の黒蜜を活かしたくて焼いたマフィンに黒豆をトッピング。ほっこり優しい味わいで、ほうじ茶と一緒にいただきたい。",1850835,"2018-01-06 09:36:47","2018-01-06 09:36:42","2018-01-07 18:23:09"
5151193,"スープジャーで◎杏仁キウイの冷スイーツ","スープジャーを使った冷たいスイーツです。杏仁豆腐とキウイのサッパリした組み合わせ。夏のお弁当のデザートに♪",6795544,"2018-07-03 12:25:20","2018-07-03 12:25:16","2018-07-07 09:58:12"
5678359,"節約＊鶏ひき肉でチンジャオロース風そぼろ","安い鶏ひき肉を使ってチンジャオロース風そぼろ♪小分けにして冷凍保存も可能です。",6795544,"2019-06-03 20:38:11","2019-06-02 19:40:16","2019-06-10 17:27:11"
5611689,"アボカドトースト","おいしいアボカドのトーストです",10475640,"2019-04-20 11:04:22","2019-04-20 11:04:20","2019-06-06 08:54:55"
2551824,"胡麻が香る！桜海老と青海苔のおにぎり","炊きあがったご飯に混ぜるだけ。簡単ですが大人も子供も大好きなおにぎりができました。",1850835,"2014-03-20 16:04:48","2014-03-20 16:00:36","2014-03-20 16:12:24"
5503780,"お弁当に◎ツナとブロッコリーのマヨ焼き","お弁当箱の形に合わせてアルミホイルで型を作れば隙間ができる心配もなし！",6795544,"2019-02-13 09:04:01","2019-02-13 08:53:40","2019-02-13 09:09:12"
5880722,"フワリ漆黒★ブラック台湾カステラ","ふわっふわの台湾カステラをブラックスイーツに。口どけの良いやわらかな生地にクリームがよく合います。ハロウィンにも！",1850835,"2019-10-30 06:38:40","2019-10-23 14:08:20","2019-10-30 06:41:48"
5550811,"ポトフ","やさしい味のポトフ",10475640,"2019-03-12 13:43:05","2019-03-12 13:32:54","2019-03-12 13:43:14"
6008313,"マトンのベルベルオムレツ","モロッコ料理のベルベルオムレツをマトン肉で再現しました。",30696264,"2020-01-28 15:57:46","2020-01-28 15:45:04","2020-01-28 15:58:31"
6232576,"厚切り食パンで大満足ピザトースト","厚切り食パンで作るおいしいピザトーストです。 にんにく、オリーブ、クリームチーズがいい仕事をします！",10475640,"2020-05-17 13:49:06","2020-05-17 12:50:55","2020-05-17 13:57:04"
3149509,"こってり満足＊クリームチーズパスタ","ベーコンたっぷりで満足できるクリームチーズパスタです。",10475640,"2015-04-29 23:54:02","2015-04-29 22:18:49","2016-04-26 10:20:53"
6010383,"ラム肉とパクチーの無水トマト煮","材料切ってにこむだけ。野菜の水分だけで煮込むので旨味が濃いです。",30696264,"2020-01-29 20:36:52","2020-01-29 20:36:50","2020-02-02 09:57:45"
6065051,"イカ丸ごと！イカわたのトマトリゾット","イカわたのコクとレモンの酸味で野菜がいくらでも食べられます。",30696264,"2020-03-06 06:49:41","2020-03-04 15:18:33","2020-03-06 06:49:41"
1015482,"風邪引きさんのあんかけ粥","生姜を効かせて、身体がぽかぽかあったまるお粥です。きのこたっぷりのあんかけは、風邪引きさんでもしっかり食べられます。",1850835,"2010-01-20 08:40:48","2010-01-20 08:40:48","2010-07-28 14:14:55"
3507302,"人参と貝柱のエジプト塩サラダ","お気に入りのエジプト塩を使った、簡単彩りおかずです。",6795544,"2015-11-09 21:46:52","2015-11-09 21:36:07","2015-11-09 21:47:00"
5710825,"豚肉とインゲンのシーズニングソース炒め","大好きなシーズニングソースシリーズです。今回は豚肉とインゲンを組み合わせてみました♪",6795544,"2019-06-23 19:10:49","2019-06-23 19:10:46","2019-06-23 19:17:07"
6309714,"抹茶のテリーヌ","濃厚な抹茶のテリーヌです。 京都マールブランシュの抹茶フォンダンショコラのような口溶け。",15735327,"2020-06-21 16:07:23","2020-06-20 22:38:02","2023-02-13 15:54:39"
1524576,"椿油ご飯","義母から教わった福岡の郷土料理。シンプルな炊き込みご飯に椿油を入れます。炊きあがりはツヤツヤで、おかずが要らない存在感！",1850835,"2011-08-17 06:49:30","2011-08-17 06:49:29","2016-01-15 10:06:57"
4206931,"わさび入り！ナスの麺つゆおかか和え","シリコンスチーマーで作る簡単おかず。電子レンジ利用で時短にもなります。お弁当の隙間埋めにも！",6795544,"2016-11-28 10:47:52","2016-11-28 10:47:48","2017-08-19 22:19:48"
4811059,"大満足チキンのっけサラダ","鶏もも肉と葉物があるとよく作ります。お肉も野菜も食べられる大満足サラダです。",10475640,"2017-11-18 17:44:31","2017-11-18 17:44:27","2017-11-19 22:15:22"
4988817,"低糖質☆大豆粉で豚こま肉の青じそピカタ","小麦粉、片栗粉を使わずに大豆粉で。豚こま肉を使って食べ応えも♪青じそ風味で和風な仕上がりです。お弁当おかずにもなります。",6795544,"2018-03-18 19:56:19","2018-03-18 19:56:15","2018-03-18 20:16:34"
3435771,"えのきのバター&ごまポン酢炒め","ごまポン酢がなければ、普通のポン酢で代用できますが、メーカーによって味がかなり違うので、味見しながら加えて下さい",6795544,"2015-10-01 21:45:33","2015-10-01 21:44:00","2015-10-01 21:52:43"
5092013,"おつまみ辛きゅうり","ボウルで混ぜるだけで簡単おつまみきゅうり！",10475640,"2018-05-25 22:12:59","2018-05-25 22:12:54","2018-05-25 22:12:59"
5152216,"アボカドと鯖フィレのサラダうどん","夏ですね！すぐ出来る冷たいサラダうどんです",10475640,"2018-07-03 23:44:52","2018-07-03 23:44:49","2018-07-03 23:44:53"
7251466,"キムチコブサラダ","美味しいキムチは最高の調味料",30696264,"2023-07-09 20:40:24","2023-07-09 20:40:22","2023-07-09 20:47:25"
1296508,"具だくさんのベジタブルコーンスープ","具だくさんの食べるスープです。小さめに切った野菜がたっぷり。コーンの甘みで、野菜嫌いな子供もモリモリ食べてくれます。",1850835,"2010-11-28 14:29:48","2010-11-28 14:29:48","2010-11-29 06:49:24"
4467357,"糖質オフ！生ハムカッテージチーズトースト","糖質制限中でも美味しい朝ごはんが食べたーい！ふすまパンをアレンジしましたが、普通の食パンでも使えるトーストレシピです。",6795544,"2017-04-12 10:30:02","2017-04-12 10:29:58","2017-04-12 16:41:19"
5116864,"大量消費！白だしでいんげんの胡麻和え","もう1品欲しい時にどうぞ！ 白だしがきいてて美味しいです。 おつまみにもどうぞ！  写真はこの分量の1/4です。",15735327,"2018-06-10 21:13:29","2018-06-10 21:13:13","2021-01-01 14:09:33"
5592880,"旨味凝縮！トマトとサバ缶のスープ","トマト缶とサバ缶で作れる美味しい糖質オフのスープ。もち麦を入れることでボリューム感も出ます。温かくても冷たくしても美味♪",1850835,"2019-04-09 17:06:22","2019-04-08 16:03:40","2019-04-09 17:07:00"
3629429,"スパムと高菜のおにぎらず","スパムだけより、漬物と合わせた方がさっぱり食べれて好みです。",6795544,"2016-01-18 09:50:03","2016-01-18 09:46:36","2016-01-18 09:58:12"
4118225,"ミニトマト・トマトで作る味噌汁","冷凍してあったミニトマトを使って味噌汁に。意外と合うんです。 もちろん冷凍してないミニトマトでも、トマトでも大丈夫です。",6795544,"2016-10-12 08:32:13","2016-10-12 08:32:09","2016-10-12 08:36:24"
3241523,"ノリベンジャー","真っ黒で味気ない海苔弁もジャーに入れれば、ちょっとオシャレに？！",6795544,"2015-06-16 22:21:47","2015-06-16 22:01:13","2015-06-16 22:32:47"
3994213,"イングリッシュ・スコーン","イギリスに旅行した際、現地のおばさまから教わりました。卵を使わないトラディショナルな本場のレシピです。",1850835,"2016-07-26 11:45:12","2016-07-26 11:45:09","2017-06-14 13:45:45"
7166514,"鶏胸肉スイチリ","子どもも好きな甘辛こってりなお味だと思います。",10475640,,"2023-04-06 16:10:12","2023-04-06 16:27:43"
5013068,"はちみつのドレッシング","甘めのドレッシングです",10475640,,"2018-04-03 23:58:05","2018-04-04 00:00:31"
6748587,"世界一簡単で美味しいコーヒーゼリー","「世界一簡単で美味しい」というのは自分調べなので異論はあるかもしれません。でも本当にこの方法がベストだと思うのです。",1850835,"2021-04-23 14:51:52","2021-04-23 14:50:49","2021-04-23 18:26:02"
2917748,"簡単！海老の炊き込みピラフ","お昼にちょっぴり気分がアガるピラフ。冷蔵庫の残り物&炊飯器を活用して簡単に、大人も子供も大満足なランチができました。",1850835,"2014-12-07 13:22:24","2014-12-07 11:54:24","2014-12-08 23:16:19"
5475658,"お弁当の一品に！ゆで卵のめんたいマヨ焼き","明太子とマヨネーズのディップをゆで卵に乗せてトースターで焼くだけ。お弁当おかずにもオススメです。",6795544,"2019-01-28 19:38:33","2019-01-28 19:32:12","2019-02-03 22:03:43"
7167921,"春！苺とモッツァレラのサラダ","いちごをサラダに！モッツァレラとの相性も抜群です。",15735327,"2023-04-07 23:42:05","2023-04-07 23:40:47","2023-04-07 23:48:28"
3602345,"豚肉とキャベツの中華風野菜炒め","お弁当おかずに、しっかり味の野菜炒めです。辛くないので、辛いものが苦手な人も大丈夫。",6795544,"2016-01-03 19:44:57","2016-01-03 19:32:51","2016-01-05 12:51:42"
4295277,"節分にオススメ！簡単♡オニのキャラ弁","節分に向けて作りたい、おにのキャラ弁（顔弁）です。細かい作業は少ないので、意外と簡単にできます。子供用にもオススメです。",6795544,"2017-01-17 20:51:03","2017-01-17 20:50:55","2017-01-18 11:40:25"
6105079,"お弁当の卵焼きをアレンジ！海苔入り卵焼き","ちょっと湿気った海苔も卵焼きに入れれば問題なし！卵焼きの簡単アレンジレシピです。",6795544,"2020-03-29 13:41:05","2020-03-29 13:41:03","2020-03-29 13:47:22"
5115248,"簡単！ズッキーニとベーコンのおつまみ！","ズッキーニとベーコンを炒めた、ビールやワインにも合うおつまみです！",15735327,"2018-06-09 22:13:35","2018-06-09 22:04:30","2018-06-09 22:13:40"
5321262,"えのきむち","おつまみにも。",10475640,"2018-11-03 21:31:52","2018-11-03 21:31:48","2023-07-07 19:53:45"
3454940,"ごぼうピーマン人参のポン酢キンピラ","にんじんが足りなかったので、ピーマンを入れてみました。ポン酢と生姜でさっぱりと。",6795544,"2015-10-12 20:16:46","2015-10-12 20:06:59","2015-10-16 08:23:55"
5024359,"新玉ねぎとリンゴのサラダ","新玉ねぎとリンゴのサラダです！",10475640,"2018-04-11 13:33:49","2018-04-11 13:33:45","2018-04-11 13:34:42"
6493982,"市販のスープの素で！押し麦トマトリゾット","お鍋を使わずに、レトルトスープの素で作る簡単リゾットです。スープジャーの季節にぴったり！",6795544,"2020-10-18 06:53:49","2020-10-18 00:04:25","2020-10-18 12:40:26"
3729920,"新玉ねぎのトマトソースパスタ","新玉ねぎの季節に作りたい、甘みとコクのあるトマトソースパスタ。",1850835,"2016-03-05 12:31:02","2016-03-05 12:30:43","2016-05-30 16:21:08"
4132528,"パンの耳で！バジル塩のラスク","サンドイッチの残りのパンの耳をアレンジして、ラスクを作りました。",6795544,"2016-10-20 10:42:13","2016-10-20 10:42:09","2016-10-20 13:08:48"
5960457,"海苔佃煮＆クリームチーズのトースト","私が最近ハマっている新感覚トーストです。え゛と思いましたがちゃんと美味しい（と私は思う）のでレシピ化しました。",1850835,"2019-12-23 12:02:43","2019-12-23 12:00:58","2019-12-23 12:06:11"
7250733,"意外とヘルシー！血合のトマトカレー","じつは高タンパク低脂質の血合。健康も家計も手に入れてください。",30696264,"2023-07-08 21:52:42","2023-07-08 21:51:49","2023-07-08 22:08:35"
3087989,"彩り◎クレソン&ベーコンの洋風炒め","卵入りで、彩りもいい感じに♪サラダのイメージが強いクレソンは、炒めても美味しかったです。",6795544,"2015-03-26 14:37:50","2015-03-26 14:29:48","2018-02-22 16:46:07"
5039005,"やさしいナポリタン風パスタ","甘口でお子さんも食べやすいパスタです",10475640,"2018-04-20 15:51:15","2018-04-20 15:51:11","2018-04-20 15:51:48"
6114966,"いんげんと豚塊肉の煲仔飯風","香港の土鍋ご飯です。蓋を開けた瞬間フワッと香るオイスターソースがたまりません。",30696264,"2020-04-05 11:44:47","2020-04-04 16:23:46","2020-04-28 08:28:11"
1948118,"ロシアンクッキー","材料４つ、オーブンに入れるまで10～15分。簡単で誰からも褒められる極上クッキーの出来上がり。",1850835,"2012-09-09 15:09:45","2012-09-09 15:09:45","2016-07-28 11:49:01"
4967505,"胡麻豆腐で！塩昆布入り小松菜の白和え風","濃厚な胡麻豆腐を使うので、味噌は使わず醤油と塩昆布で味付けはシンプルに。",6795544,"2018-03-04 21:56:15","2018-03-04 21:52:43","2018-03-04 22:09:07"
5031377,"おかひじきとキャベツのパスタ","アンチョビとにんにく味です。",10475640,"2018-04-15 21:45:19","2018-04-15 21:45:15","2018-04-16 12:40:42"
5249079,"キムチ焼きそば","ふつうのキムチ焼きそばです",10475640,"2018-09-13 14:55:34","2018-09-13 14:55:30","2018-09-13 14:55:34"
6169349,"醤大骨風！豚背骨の中華甘味噌煮","東北中華料理の醤大骨を家にある調味料で再現してみました。",30696264,"2020-04-26 11:36:21","2020-04-26 11:36:18","2020-04-26 15:09:37"
7258692,"ラムラグーパスタ","ラム肉のラグーソースのパスタです。 パスタ以外にも、グラタンのソースにしても美味しいです",15735327,"2023-07-18 10:34:37","2023-07-18 10:34:35","2023-07-19 20:58:52"
2214138,"チキンの柚子胡椒ソテー","ピリリと柚子胡椒をきかせた大人味のチキンソテーです。私は普通の照り焼きチキンよりもこちらが好きです。 ",1850835,"2013-05-06 22:39:36","2013-05-06 22:39:36","2015-01-19 15:50:09"
3603993,"大豆ミートの甘ダレ焼き","大豆ミートを使った簡単おかず。しっかり味でご飯が進みます。",6795544,"2016-01-04 21:46:43","2016-01-04 21:40:45","2016-01-04 21:52:42"
3762280,"トリュフ塩の卵焼き","トリュフの風味がたまらなーい贅沢な卵焼きです。",6795544,"2016-03-21 17:30:44","2016-03-21 17:30:34","2016-03-21 17:34:39"
1015476,"春菊の胡麻味噌和え","春菊の美味しさが詰まっています。調味料は全て大匙１ずつ！覚えやすくて超簡単です。",1850835,"2010-01-20 08:31:00","2010-01-20 08:31:00","2016-01-19 09:41:41"
1210855,"本気のポテトサラダ","本気で丁寧に作ったポテトサラダは、メインになれるくらいの存在感。じゃがいもとタマネギにしっかり味がしみて美味しいです。",1850835,"2010-08-15 14:33:00","2010-08-15 14:32:45","2013-11-11 11:53:21"
3457318,"鮭フレークと大葉で簡単混ぜごはん","お弁当に使える簡単混ぜごはん！",6795544,"2015-10-14 07:31:13","2015-10-14 07:11:51","2015-10-14 07:32:58"
3776150,"パンの耳で！トリュフ塩のラスク","サンドイッチを作ったら、耳を使ってもう一品！トリュフ塩を使って、ちょっぴりリッチな味のラスクです。",6795544,"2016-03-29 08:21:13","2016-03-29 08:21:07","2016-04-02 16:16:39"
5006182,"糖質オフ★鶏むね肉の柚子マヨ和え","糖質制限中に食べたい、鶏むね肉の低糖質な一品♪柚子胡椒とマヨネーズの組み合わせは結構お気に入りです。",6795544,"2018-03-30 02:14:32","2018-03-30 02:09:49","2018-03-30 02:19:59"
5022047,"ほうれん草のピーナツバター和え","ごま和えをピーナツバターでやってもおいしいのです",10475640,"2018-04-09 21:44:44","2018-04-09 21:44:41","2018-04-09 21:44:44"
5947306,"ピリ辛！キムチ鍋の素で煮込みうどん","ピリ辛の煮込みうどんです。 ランチにいいかなと思います！ ",15735327,"2019-12-12 14:12:02","2019-12-12 14:12:01","2019-12-12 14:23:13"
2259251,"豚バラとパプリカの胡麻ドレ炒め","味付けは胡麻ドレのみ！忙しい朝のお助けお弁当レシピです。",1850835,"2013-06-17 12:26:19","2013-06-17 12:23:51","2013-06-19 13:53:47"
2975864,"フライパンで！山芋入りふわふわ和風卵焼き","だしの味がきいた、ふわふわ和風の卵焼きです。キャベツで食感をプラス",6795544,"2015-01-22 15:04:20","2015-01-22 13:37:47","2015-01-22 16:43:05"
3422505,"鶏の塩麹焼き","お弁当に便利。普通の照り焼きに飽きたらコッチもお試し下さい。",1850835,"2015-09-24 16:35:12","2015-09-24 16:24:06","2015-09-24 16:35:12"
4141915,"サバ味噌缶とナスのレンジ蒸し","サバ味噌缶詰があったので、アレンジしました。電子レンジを使うので、コンロで別のおかずの調理ができます。",6795544,"2016-10-25 10:09:10","2016-10-25 10:09:07","2016-10-28 11:59:01"
5548972,"ハムとキャベツのアンチョビソース炒め","アンチョビソースが隠し味の洋風野菜炒めです。しっかり味で冷めても美味しいので、お弁当にも◎",6795544,"2019-03-15 01:18:39","2019-03-11 12:42:34","2019-03-15 01:19:30"
7247285,"サーモンを食べる和風サラダ","切って和えるだけ！ 白ワインなどお酒にも合う味です。",15735327,"2023-07-04 23:58:41","2023-07-04 23:58:38","2023-07-05 09:54:06"
7250982,"絶品！なすとアンチョビのオイルパスタ","トロッとしたなすとアンチョビをたっぷりのオイルで和えた「メランツァーネ」と呼ばれるパスタ。なすの美味しい時期にどうぞ。",1850835,"2023-07-09 11:08:32","2023-07-09 11:03:31","2023-07-09 11:31:31"
5122232,"炒めるだけ☆簡単♪和風パスタ！","簡単でおいしい和風パスタです。オクラも入ってるよ。",15799167,"2018-06-14 12:49:18","2018-06-14 12:29:04","2018-06-14 12:49:18"
4215290,"ちょっぴり洋風！卵1個でコンビーフ卵焼き","コンビーフをアレンジして、洋風の卵焼きを作りました。",6795544,"2016-12-02 23:29:23","2016-12-02 23:28:23","2016-12-02 23:35:46"
5103926,"ちりめん山椒の冷製パスタ","トマトとレタス、ちりめん山椒のさっぱりパスタです",10475640,"2018-06-02 17:43:52","2018-06-02 17:43:48","2018-06-02 20:39:31"
2800305,"お弁当に！卵1個で作る甘い卵焼き〜♡","甘いタイプの卵焼き。1人分の卵焼きなら卵１つで十分！ミニサイズでお弁当の隙間埋めにもおすすめです◎",6795544,"2014-09-16 21:22:52","2014-09-16 21:20:56","2018-10-27 21:57:30"
3351150,"お弁当に☆マンゴーヨーグルトアイス","夏はスープジャーで美味しいデザートを。汁漏れの心配もないので、フルーツを安心して持って行けます。",6795544,"2015-08-17 18:31:40","2015-08-17 18:15:47","2015-08-19 18:14:12"
3627949,"4STEPでシュッと簡単豚キムチ","シュッと作れてガッツリ満足豚キムチです！",10475640,"2016-01-17 15:44:59","2016-01-17 15:42:24","2016-01-25 10:54:30"
5024351,"クリームチーズとみかんジャムのトースト","クリームチーズとジャムトーストシリーズ",10475640,"2018-04-11 13:26:39","2018-04-11 13:26:35","2018-04-11 13:26:39"
2577898,"クスクスのナッツサラダ","クスクスを使ったちょっぴりスパイシーでオシャレなサラダ。簡単で食卓が華やぎます。",1850835,"2014-04-08 13:16:43","2014-04-08 12:47:16","2014-05-20 09:40:57"
3606249,"大豆ミートの簡単ピカタ","大豆ミートを使った簡単ピカタ。お弁当にもオススメです。",6795544,"2016-01-06 08:07:19","2016-01-06 08:02:37","2016-01-06 20:14:52"
4123363,"お弁当にも◎ツナと人参のピリ辛炒め","とっても簡単で彩りもいいので、お弁当おかずによく使います。常備菜としてもいいです。",6795544,"2016-10-15 10:21:54","2016-10-15 10:21:48","2019-06-24 07:18:23"
5590172,"肉みそ","ごはんに乗せても、焼きそばやパスタにしても◎の肉みそです。",10475640,"2019-04-06 21:11:39","2019-04-06 21:11:35","2019-04-06 21:29:22"
7119687,"糖質制限中に◎搾菜入り中華風炒り豆腐","糖質制限中なので、主食代わりに作った中華風炒り豆腐。ザーサイのおかげで食感もいい感じです◎ チャーハンの代用としても。",6795544,"2023-02-19 18:29:09","2023-02-19 18:10:28","2023-02-19 18:29:09"
3830933,"市販のジャンで味付け、いつもの焼肉","愛用のジャンで作るいつもの焼肉。冷めても美味しいのでお弁当によく使ってます",6795544,"2016-04-28 10:56:26","2016-04-28 10:56:22","2016-05-01 10:07:27"
7247521,"寿司酢で簡単！野菜のマリネ","寿司酢は万能調味料。良い酢を使うとびっくりするくらい料理が変わります。切ってあえるだけ！",30696264,"2023-07-05 11:26:59","2023-07-05 11:26:57","2023-07-05 12:02:38"
3917095,"人参とポルチーニ茸のバター醤油炒め","人参のシャキシャキ食感がいい感じ。彩りがいいので、お弁当のおかずにもオススメです。",6795544,"2016-06-12 22:02:00","2016-06-12 22:01:56","2016-06-12 22:14:33"
4284532,"柚子胡椒が香る！卯の花","和の定番お惣菜。柚子胡椒をきかせてモリモリ美味しくいただけます。",1850835,"2017-01-12 13:40:01","2017-01-12 12:00:18","2017-01-12 14:18:54"
1296530,"ヴィクトリア・サンドイッチ","イギリスのティータイムに出てくる（らしい）、ラズベリージャムをサンドした伝統的なケーキ。シンプルで飽きのこない美味しさ。",1850835,"2010-11-28 14:53:53","2010-11-28 14:53:53","2013-09-22 10:18:57"
5343347,"朝ごはんに！鮭チーズ焼きTKG！","材料をのせて焼くだけです。朝ごはんにどうぞ！ 洗い物も少なく済みます",15735327,"2018-11-19 08:40:06","2018-11-19 08:32:29","2018-11-21 13:02:44"
5352834,"きのこの卵かけご飯","朝ごはんに！ きのこの旨味が卵にうつっています。 ゆず塩が効いてて美味しい！",15735327,"2018-11-26 09:46:25","2018-11-26 09:46:22","2018-11-26 15:16:59"
5852633,"ルビーチョコレートのブラッククッキー","ブラックスイーツ！色鮮やかなルビーチョコレートを使ってみたくて、いつもの定番クッキーをブラックココアで作りました。",1850835,"2019-10-03 13:01:41","2019-10-03 12:49:39","2019-10-03 13:17:06"
5944347,"無水ポトフ","ストウブの鍋で作る、野菜の水分だけで作るポトフ。",10475640,"2019-12-10 10:00:11","2019-12-10 10:00:08","2019-12-10 22:02:57"
6024589,"骨つきラム肉のルーロー煮込み","ほぼほったらかしかつ鍋一つで出来るので楽です",30696264,"2020-02-08 09:14:00","2020-02-08 09:13:58","2020-02-08 09:44:29"
6464421,"だしとまとのラタトゥイユ","だしとまとはトマトのブランド名。トマトのうまみがおいしい、味付けは塩だけのシンプルなラタトゥイユ",10475640,"2020-09-26 12:52:41","2020-09-26 12:52:39","2021-08-06 10:11:27"
3372814,"コンビーフとキャベツのエジプト塩炒め","お弁当のおかずに使える、コンビーフの簡単レシピです。",6795544,"2015-08-30 16:53:15","2015-08-30 16:42:23","2015-08-30 17:01:51"
3535234,"生ハムと貝割れのパスタ","美味しい生ハムさえあれば、誰でも簡単に極上パスタができます。",1850835,"2015-11-24 15:02:08","2015-11-24 15:02:01","2015-11-24 15:37:18"
5129877,"スープジャーで！バナナプリンの冷スイーツ","バナナとプリンを組み合わせて、冷たいスイーツに。食後のデザートにぴったりの一品。スープジャーは夏も大活躍です！",6795544,"2018-06-19 12:55:55","2018-06-19 12:55:49","2018-07-03 12:37:32"
5269698,"ネギとレタスのチャーハン","ネギとレタスのシンプルなチャーハンです。",10475640,"2018-09-28 14:56:06","2018-09-28 14:56:02","2018-09-28 14:56:09"
6008350,"羊肉の黒チャーハン","羊の脂が黒酢でさっぱり中和されていくらでも食べれます",30696264,"2020-01-28 16:09:03","2020-01-28 16:08:55","2020-02-02 10:03:02"
4373295,"こんにゃくのめんたい粉炒め","明太子の粉末、めんたい粉を使った簡単レシピです。",6795544,"2017-02-23 08:26:35","2017-02-22 21:49:38","2017-02-23 08:32:46"
4161134,"明太子マヨネーズで！パッカンおにぎり","噂のパッカンおにぎり！ 切れ目を入れて乗せるだけなので、柔らかめの具材だと、おにぎりで握るよりも早くて簡単です。",6795544,"2016-11-04 12:39:29","2016-11-04 12:39:25","2016-11-04 12:53:23"
5946525,"人参と玉ねぎのサワークリームサラダ","人参をさっと炒めてサワークリームで和えたサラダ。コクがありつつ爽やかに全体がまとまり、新鮮な美味しさです。ハマります！",1850835,"2019-12-11 20:54:17","2019-12-11 20:50:06","2019-12-12 10:52:35"
4542625,"材料3つ！糖質制限・ツナのマヨナッツ和え","低糖質な材料だけで作るので糖質制限中のお弁当おかずにぴったり♪ 少ない材料で混ぜるだけなので、とっても簡単です。",6795544,"2017-05-25 09:09:24","2017-05-25 09:09:21","2017-07-20 11:20:14"
5678206,"カブとミニトマトのコンビーフ炒め","カブを買いすぎたので炒め物にしました。お弁当のおかずにもオススメです♪",6795544,"2019-06-02 18:26:39","2019-06-02 18:26:37","2019-06-12 19:14:51"
7104413,"糖質制限中に！生おからのケークサレ","おからを使ったヘルシーなケークサレ。冷凍保存も可能。お弁当に持って行くこともできます。",6795544,"2023-03-05 08:36:54","2023-02-07 13:27:58","2023-03-05 08:36:54"
7247287,"薬味もりもり！しっとり鶏胸肉","さっぱり薬味が美味しい、茹で鶏胸肉です。 ヘルシーで夏にピッタリ！ 写真は鶏胸肉1/2枚です。",15735327,"2023-07-05 00:10:34","2023-07-05 00:10:31","2023-07-05 09:54:27"
2885294,"お豆たっぷり！圧力鍋でほっこりお粥","お豆としらすで栄養たっぷりの、お腹に優しいお粥です。圧力鍋であっという間に完成！お腹の調子が悪くてもモリモリいけます。",1850835,"2014-11-15 12:14:28","2014-11-15 12:14:23","2014-12-08 23:09:14"
5115223,"さっぱり簡単！厚揚げおろしポン酢","もう1品欲しい時や簡単おつまみにどうぞ！ さっぱりヘルシーで美味しいです！",15735327,"2018-06-09 21:51:40","2018-06-09 21:51:36","2018-07-07 19:27:13"
2880237,"お弁当に♪蜂蜜梅干し&大葉の簡単彩りご飯","朝の時間がないときでも超簡単！しかも緑色と赤で彩りもバッチリ！",6795544,"2014-11-12 11:13:59","2014-11-12 11:10:16","2015-04-11 18:01:28"
6762586,"グラノーラをトッピング！フルーティサラダ","グラノーラはサラダにトッピングするとカリカリで美味しい♪野菜も一緒に取れて一石二鳥です◎",6795544,"2021-05-03 10:05:53","2021-05-03 10:05:50","2021-05-03 10:17:06"
1629265,"豆乳でしっかり美味しい☆スイートポテト","材料４つ！豆乳でしっかり美味しいスイートポテトができました！バター、卵、牛乳は使わず、ヘルシーながらも満足できます。",1850835,"2011-11-16 14:34:19","2011-11-16 14:34:19","2011-11-16 14:51:18"
1948070,"メープルフレンチトースト","休日のブランチの定番。いつもうちにある材料で簡単に。メープルの香りで食卓が華やかになりますよ。",1850835,"2015-05-31 08:55:25","2012-09-09 14:31:39","2015-05-31 08:58:45"
2859798,"母の十八番！かぼちゃのグラタン","人が集まる時に母がいつも作ってくれていたグラタンです。かぼちゃの甘みにトマトソースの適度な酸味、とろ〜りチーズが最高！",1850835,"2014-10-30 12:35:23","2014-10-30 12:34:46","2016-03-15 12:16:17"
3473343,"れんこんの梅醤きんぴら","梅醤を使った簡単きんぴら。副菜として食卓にも、そしてお弁当にもぴったりです。",6795544,"2015-10-22 21:21:55","2015-10-22 20:57:09","2015-10-22 21:28:12"
5587820,"イースターにも☆カワイイうさぎのお弁当","イースターにもおすすめのお弁当♪ 折り畳みの目玉焼きを作って、盛り付ければOKの簡単可愛い顔弁です。他のおかずは何でも◎",6795544,"2019-04-05 09:40:19","2019-04-05 09:37:17","2019-04-05 10:14:38"
5671127,"蒸し鶏のピリ辛なめ茸ソース","冷蔵庫にある材料で簡単ソース作り。チキンにあいます◎",6795544,"2019-05-29 10:40:07","2019-05-29 08:26:51","2019-05-29 21:05:47"
3403249,"お弁当に☆卵1こで作る！なめたけの卵焼き","冷蔵庫にあるなめたけを入れて、いつもの卵焼きの簡単アレンジ",6795544,"2015-09-14 07:53:23","2015-09-13 22:44:34","2018-08-22 11:22:11"
5068898,"キャベツとパプリカのコールスロー風サラダ","マスタードとはちみつで、大人にも子供にもウケるお味。付け合わせにモリモリ食べられるサラダです。作りおきにも便利。",1850835,"2018-05-10 20:53:49","2018-05-10 20:53:27","2018-05-10 21:09:50"
6130570,"小松菜とサバ水煮缶のナンプラー炒め","いままで作ったサバ缶レシピの中で一番好み！ナンプラーなど、エスニックが好きな人におすすめです。",6795544,"2020-04-12 12:31:41","2020-04-12 12:17:45","2020-04-12 12:33:49"
6214797,"簡単チョコテリーヌ","初めて作ったチョコテリーヌですが、簡単にできました。 作業時間は15〜20分ほど(+焼き時間、冷やす時間)です",15735327,"2020-05-12 13:49:57","2020-05-11 00:18:11","2023-02-12 00:19:14"
7258690,"フライドポテト クリームチーズ添え","シンプルなフライドポテトです ",15735327,"2023-07-18 10:32:17","2023-07-18 10:32:15","2023-07-23 09:41:57"
1214998,"明太チーズのおつまみパイ","冷凍パイシートを使って超簡単。甘ったるくないパイなので、ビールにもよく合います。男性にいいかも。",1850835,"2010-08-21 11:01:04","2010-08-21 11:01:03","2010-08-21 11:26:50"
5236742,"アボカドキムチ","ピリッとおいしいおつまみ",10475640,"2018-09-04 21:29:42","2018-09-04 21:29:38","2018-09-04 21:29:42"
5353881,"我が家のアジフライ","さくっと、中はふわふわに仕上がります。 あじの脂の旨味が広がり、そのままでも十分美味しいです！ お好みでポン酢なども◎",15735327,"2018-11-26 21:42:22","2018-11-26 21:33:05","2019-04-23 12:25:15"
1948092,"茄子とオクラの酢味噌和え","「あと一品欲しいな…」という時に便利な簡単副菜。箸休めにほっとするやさしい味で、家族にも好評です。",1850835,"2012-09-09 14:46:59","2012-09-09 14:46:59","2013-05-24 11:18:36"
4658742,"低糖質☆千切りキャベツの豚巻きマヨポン味","サラダ用の千切りキャベツを豚肉で巻いてアレンジ！マヨラーの人はきっと好きな味♪糖質も控えめで、お弁当にも使えます。",6795544,"2017-08-08 22:45:50","2017-08-08 22:45:04","2017-08-13 18:22:07"
3890837,"混ぜ込みわかめで簡単オイルおにぎり","噂のオイルおにぎりを家にある材料で簡単に。",6795544,"2016-05-31 08:07:27","2016-05-31 08:07:23","2016-05-31 08:11:22"
5493197,"お弁当にも♪洋風コンビーフ卵焼き","コンビーフを使った洋風卵焼きです。お弁当にも◎",6795544,"2019-02-07 16:09:32","2019-02-07 16:03:40","2019-02-07 21:52:00"
6200131,"彩り鮮やか！紫キャベツのアチャール","レモン汁に漬けることで紫キャベツがより鮮やかになります。作りおきできるので、お弁当や日々の料理の彩りに。",30696264,"2020-05-13 06:53:27","2020-05-06 08:14:03","2020-05-13 06:53:27"
2255680,"キャベツと胡瓜の塩昆布和え","ご飯のお供に、あと一品欲しい時に、冷蔵庫にあるモノでできます。",1850835,"2013-06-14 08:46:07","2013-06-13 18:41:36","2013-06-14 08:49:25"
4462177,"簡単&低糖質！ささみと茗荷と葱の胡麻和え","糖質オフを目指して作ってみました。簡単で副菜としても活躍します。",6795544,"2017-04-09 16:26:24","2017-04-09 16:26:20","2017-04-10 15:22:27"
5013026,"アボカドとフルーツと鶏ハムのサラダ","フルーツとアボカドのヘルシーサラダ！",10475640,"2018-04-03 23:19:33","2018-04-03 23:19:30","2018-09-06 02:09:43"
5557058,"謎そば","中華風の、まぜそばっぽい何か",10475640,"2019-03-16 09:51:04","2019-03-16 09:50:56","2019-03-16 10:10:06"
5700564,"アジアなお味♪豚肉とスナップエンドウ炒め","大好きなシーズニングソースでいためものを。今回はスナップエンドウと豚肉の組み合わせです。",6795544,"2019-06-16 20:32:41","2019-06-16 20:32:38","2019-06-16 20:39:15"
4113502,"袋をモミモミ☆簡単フレンチトースト","朝ごはんにフレンチトースト食べたいけど時間がない！面倒！って時には、ポリ袋利用で洗い物が少なくて楽チンです♪",6795544,"2016-10-09 13:33:53","2016-10-09 13:33:48","2016-10-11 01:01:08"
5074967,"簡単！絶品！生ハムと新玉のマリネ風サラダ","ワインのおつまみに。輪切りオリーブでおしゃれおもてなし料理にも変身！ 1日置くとすこしまろやかになり、美味しいです。",15735327,"2018-05-14 23:00:41","2018-05-14 22:43:56","2018-07-11 08:49:54"
5595350,"トマトシーフードパスタ","トマト缶とシーフードミックスで簡単パスタ",10475640,"2019-04-10 02:29:37","2019-04-10 02:29:05","2019-04-10 02:38:36"
6493940,"ベビースターのパリパリ居酒屋風サラダ","麺のパリパリがキープできるように、鰹節を利用。混ぜるのは直前です！",6795544,"2020-10-18 06:51:26","2020-10-17 23:02:59","2020-10-21 11:39:34"
7243706,"限界さつま揚げチャンプルー","スーパーが閉まってお肉が買えなくてもギリギリ作れるチャンプルーです",30696264,"2023-06-30 22:13:17","2023-06-30 22:13:15","2023-06-30 22:30:19"
7258691,"ラムラグーのグラタン","ラグーソースのグラタンです。 自分用の覚書です。",15735327,"2023-07-18 10:34:05","2023-07-18 10:33:40","2023-07-19 21:03:41"
5118519,"切るだけ！簡単おしゃれなコブサラダ！","切るだけ簡単なのに、おしゃれなおもてなしサラダ！ 普段の食卓にも、大切な記念日にも、大活躍です♪",15735327,"2018-06-11 20:40:07","2018-06-11 20:39:24","2018-06-14 11:17:57"
5410298,"ポトフのアレンジうどん","カルボナーラ風の味付けのうどんです。 朝ごはんやお昼、あたたかいものをぱぱっと作りたいときにどうぞ。",15735327,"2018-12-13 12:18:25","2018-12-13 12:16:44","2018-12-13 12:18:25"
7168944,"【糖質制限】アスパラのオリーブオイル焼き","熱々ほくほくで食べるアスパラのレシピです。糖質制限中にもピッタリ。塩の種類を変えると、簡単に味変できます。",6795544,"2023-04-09 09:00:12","2023-04-09 09:00:00","2023-04-09 09:06:07"
2845264,"お弁当に！簡単・おくらの梅おかか和え","汁気もないので、お弁当の隙間埋めにも活躍！ 何度もヘビロテしてるレシピです(*^^*)",6795544,"2018-07-03 00:14:03","2014-10-19 19:09:56","2018-07-03 00:14:06"
5445593,"甘くて食べやすい♪コーンつくね","ポロポロ食べづらいコーンをつくねに混ぜて、小さな子供でも食べやすくしました。",6795544,"2019-01-17 21:08:33","2019-01-09 23:42:56","2019-01-19 11:25:07"
5519950,"お弁当に！まきまき◎ベーコンエッグ","ベーコンエッグをお弁当に！見た目は卵焼きですが、ベーコンが主役です。",6795544,"2019-02-21 21:27:19","2019-02-21 21:26:33","2019-02-21 21:35:49"
1630052,"とろける食感☆母のチーズケーキ","ふわっとした口どけがたまらない、大好きなチーズケーキ。母の優しさが詰まったような、スフレタイプの秘伝のレシピです。",1850835,"2011-11-17 11:41:32","2011-11-17 11:41:31","2016-04-27 16:26:48"
3149277,"かぼちゃのポタージュ","あっためても、冷やして冷製にしてもおいしく食べられます☆",10475640,"2015-04-30 00:29:36","2015-04-29 20:32:04","2016-05-06 11:46:47"
3830820,"顔弁の作り方〜焼きそば編〜","キャラ弁よりも簡単なので、不器用な方、初心者の方にもオススメです。アレンジも色々楽しめます。",6795544,"2016-04-28 09:30:25","2016-04-28 09:29:18","2016-10-18 09:37:47"
1201181,"ねぎと桜エビの焦がし醤油パスタ","ねぎ×桜エビに焦がし醤油をプラスして、香ばしさアップ。家にあるものだけで簡単にサッと作れるので、おススメです。",1850835,"2010-08-03 10:21:39","2010-08-02 10:25:25","2010-08-03 11:50:39"
4174309,"鶏モモ肉で！シンプル照り焼きチキン","お弁当にもぴったりの照り焼きチキン。今回は砂糖ではなく蜂蜜で作ってみました。",6795544,"2019-06-01 23:17:22","2016-11-11 00:16:44","2019-07-08 23:20:46"
4482330,"糖質制限ブランパンで！スパムエッグサンド","低糖質なブランパンを使ったサンドイッチ。たっぷり卵をのせて、見た目も食べても満足！糖質を気にしなければロールパンで代用可",6795544,"2017-04-20 16:46:24","2017-04-20 16:46:18","2017-04-20 17:25:12"
6458712,"盛り付け簡単！生ハムと桃のサラダ","桃の甘さと生ハムのしょっぱさが絶妙にマッチ！簡単おしゃれサラダです。きれいに盛り付けるの大変なので、大ざっぱで♪",6795544,"2020-09-22 15:24:51","2020-09-22 15:13:04","2020-09-22 17:13:59"
4256296,"ベーコンとキャベツの洋風マスタード炒め","キャベツとベーコンの炒め物に、マスタードを加えて、いつもの炒め物をアレンジしました。",6795544,"2019-06-24 07:20:19","2016-12-26 08:30:57","2019-06-24 07:25:39"
5355651,"煮林檎と胡桃のパウンドケーキ","秋冬のこの時期に食べたいパウンドケーキをイメージしたらこうなりました。煮林檎の甘酸っぱさと胡桃のざっくり感が好き。",1850835,"2018-11-28 09:25:15","2018-11-28 08:51:11","2018-11-28 09:25:17"
5441920,"ひと手間でおいしいカレーライス","甘くて辛いおいしいカレーです。ブレンダーを使うことで野菜の甘みとうまみがぐっと増します。",10475640,"2019-01-07 17:10:22","2019-01-07 17:08:00","2019-08-27 18:39:34"
7238441,"オクラとピーマンと茗荷で夏の味噌汁！","夏の旬の野菜を使った夏らしいお味噌汁です。ミョウガでさっぱり！",15735327,"2023-06-24 22:33:01","2023-06-24 22:32:57","2023-06-24 22:48:33"
1210353,"イカのレモンマスタードマリネ","柔らかいイカをモリモリ味わえます。マスタードを使ってメリハリのあるマリネに仕上げました。",1850835,"2010-08-14 16:43:49","2010-08-14 16:43:48","2011-07-14 11:45:02"
3932878,"生ハムとごま昆布のおにぎり","ちょっと意外？な、生ハムおにぎりとごま昆布の組み合わせです。あまじょっぱさがいい感じ。",6795544,"2016-06-21 09:43:27","2016-06-21 09:43:24","2016-06-21 11:15:16"
4109213,"【鶏を焼いて余った油で】ハイカロリー米","鶏を焼いて余った鶏油がおいしいご飯に！",10475640,"2016-10-06 21:00:43","2016-10-06 21:00:38","2017-07-22 14:20:02"
5954036,"人参と大根のめんつゆ炒め","きんぴら的な甘辛い感じでおいしいです。ちょっとした小鉢に。",10475640,"2019-12-18 00:42:30","2019-12-18 00:42:28","2019-12-18 00:50:36"
2472071,"豚バラの赤味噌炒め","しっかりあじで冷めても美味しいお弁当おかず。安いバラ肉で簡単にできます！",1850835,"2014-01-22 15:50:12","2014-01-22 15:50:07","2014-01-22 15:54:59"
3921533,"マッシュポテトのハムカップ焼き","大量に作ったマッシュポテトを小分けにして冷凍しておくと、簡単におかずが作れます。",6795544,"2016-06-15 08:11:32","2016-06-15 08:07:53","2016-06-28 20:41:35"
5258231,"アイスコーヒーひとりぶん","アイスコーヒーひとりぶんの分量の覚書です",10475640,"2018-10-14 13:07:01","2018-09-20 10:57:17","2018-10-14 13:07:01"
6093709,"お弁当にも！豚もつと根菜の中華ピリ辛煮","最初に豚もつを茹でこぼし余計な脂をとることで、冷めても固まらず美味しくいただけます。",30696264,"2020-03-22 10:26:24","2020-03-22 10:11:56","2020-03-22 11:09:02"
4153294,"生チョコスライスで！チョコくるみトースト","ブルボンの生チョコスライスを買ったのでくるみを乗っけて簡単アレンジ！",6795544,"2016-10-31 10:52:26","2016-10-31 10:52:21","2016-12-05 14:23:50"
5344845,"鮭アボカドチーズごはん","朝ごはんにどうぞ！",15735327,"2018-11-20 09:08:04","2018-11-20 09:07:56","2018-11-20 09:14:10"
2394381,"サツマイモのハチミツレモン煮","簡単にもう1品。レモン＆ハチミツの黄金コンビで甘酸っぱいさつまいも煮に。",1850835,"2015-08-03 09:21:17","2013-11-02 19:58:04","2018-06-14 15:25:48"
4257913,"簡単かわいいキャラ弁☆ニワトリおにぎり","簡単キャラ弁（顔弁）を作りました。ニワトリのおにぎりはツナマヨ入り。お子様用のお弁当にも、イースターにもいいと思います♪",6795544,"2016-12-27 09:46:28","2016-12-27 09:46:19","2017-05-18 13:24:09"
1210332,"夏野菜の揚げ浸し","夏の定番！野菜は油をさっと通すとぐっと美味しくなりますね。野菜の美味しさを味わえるシンプルな出汁＋醤油が一番です。",1850835,"2010-08-14 16:05:03","2010-08-14 16:05:03","2011-08-11 22:51:22"
4992442,"明太マヨソース","みんな大好き明太マヨソース",10475640,"2018-03-20 23:55:03","2018-03-20 23:48:35","2018-03-20 23:55:21"
2871692,"枝豆と桜海老の簡単混ぜ御飯","超簡単！彩りも良くモリモリ食べたくなる混ぜ御飯。私はつくづく、桜海老とか胡麻油とか好きなんだな〜",1850835,"2014-11-06 19:40:34","2014-11-06 18:41:53","2014-11-08 07:48:56"
4442007,"アーモンドミルクでふわ②フレンチトースト","アーモンドミルク（アー乳）でフレンチトーストを作りました。牛乳の代用として、コンビニでも買えるアー乳オススメです。",6795544,"2017-03-29 21:50:52","2017-03-29 21:50:48","2017-03-30 21:43:25"
5674747,"鶏むね肉とネギのマスタードマリネ","母から伝授された、作りおきにも便利な定番胸肉レシピ。暑い時期でもモリモリ食べられて、糖質オフにもなります。",1850835,"2019-05-31 14:41:20","2019-05-31 14:40:17","2019-06-04 23:33:54"
6046392,"昆布だしと玉子のおかゆ","体調が悪い時にやさしいおかゆです",10475640,,"2020-02-21 17:06:00","2021-11-22 10:53:03"
3338799,"ハムチーズの簡単ホットサンド","冷蔵庫にあるものでパパッと作るハムチーズのホットサンド。すぐできるから夜食や朝食にもおすすめです。",6795544,"2015-08-08 21:55:12","2015-08-08 21:54:31","2016-10-05 19:23:06"
5116134,"カリカリ梅入り！ツナ缶でさっぱりそうめん","夏に美味しいさっぱりそうめんです！ツナ缶うますぎ。",10475640,"2018-06-10 14:54:24","2018-06-10 14:54:20","2018-06-10 15:10:10"
4130009,"しゃぶしゃぶ用の牛肉で！肉巻きおにぎり","たまに作る贅沢メニュー♡お弁当にもオススメです！",6795544,"2016-10-18 23:00:47","2016-10-18 22:58:34","2016-10-19 07:10:21"
5271629,"鶏とネギときのこのバター醤油パスタ","きのこと鶏のうまみがドーンのパスタです",10475640,"2018-09-29 22:37:18","2018-09-29 22:23:54","2018-12-31 13:02:54"
5050578,"ぽん酢ピーナツバタードレッシング","ぽん酢とピーナツバターも合うんです",10475640,"2018-04-27 21:38:00","2018-04-27 21:37:56","2018-04-27 21:38:00"
3852725,"梅干しと白ごまの混ぜご飯","日の丸弁当もいいけど、ごはんにあらかじめ梅干しを混ぜるとおにぎりにもしやすくていいです。",6795544,"2016-05-11 09:31:40","2016-05-11 09:31:10","2016-05-19 15:50:00"
4988781,"エジプト塩♡ブロッコリーと鶏胸肉の和え物","お気に入りの調味料エジプト塩を使いました！ブロッコリーと鶏ムネ肉で作るヘルシーなおかずです。",6795544,"2018-03-18 19:40:39","2018-03-18 19:40:25","2018-03-26 01:54:26"
6205281,"ソーセージでジャーマンポテト風","ちょっぴりジャンキーなおつまみおかずです。",10475640,"2020-05-07 20:01:47","2020-05-07 20:01:45","2020-05-18 20:17:16"
5043711,"ナスとおかひじきのピリ辛炒め","ナスおいしい",10475640,"2018-04-23 16:54:46","2018-04-23 16:54:42","2018-06-01 12:26:07"
5406927,"我が家のもつ鍋！","鍋で温まりたいときに。 もつ鍋を自宅で食べたところ美味しかったので備忘録です。",15735327,"2018-12-10 21:10:49","2018-12-10 21:10:41","2018-12-10 21:23:11"
5014929,"レモンカードとクリームチーズのトースト","レモンカードの甘みとクリームチーズの酸味が相性がグッド",10475640,"2018-04-05 10:04:59","2018-04-05 10:04:53","2018-04-05 10:08:28"
5669580,"ブロッコリーの柚子胡椒マヨ和え","柚子胡椒とマヨネーズを和えるのがお気に入り♪お弁当のおかずに、今回はブロッコリーと和えてみました。",6795544,"2019-06-01 23:10:33","2019-05-28 08:30:15","2019-06-02 14:41:50"
6495818,"鍋不要！スープジャーでテールスープご飯","無印良品のインスタントスープの素を使ったスープご飯。押し麦がもちもちで美味しいです。",6795544,"2020-10-19 12:42:27","2020-10-19 12:42:25","2020-10-19 12:49:11"
3465883,"ほうれん草とコーンのバター炒め","お弁当の定番おかず。彩りも良いので活躍します。",6795544,"2015-10-18 20:40:42","2015-10-18 20:34:08","2015-10-18 20:45:02"
5008863,"菜の花の明太子パスタ","春ですね",10475640,"2018-04-01 00:59:28","2018-04-01 00:59:24","2018-04-01 01:01:44"
5678662,"お弁当に◎カニ風味かまぼこ入り卵焼き","お弁当にぴったりの卵焼きです。カニカマ入りで優しいお味。今回は崩して焼きましたが、巻いて作るのももちろんオッケーです◎",6795544,"2019-06-03 20:36:46","2019-06-02 22:20:43","2019-06-20 11:43:36"
5672885,"ブロッコリーと卵のマヨサラダ","ゆで卵とブロッコリーの簡単マヨサラダです。マヨラーにおすすめ！",6795544,"2019-05-30 11:40:43","2019-05-30 11:36:21","2019-06-02 08:26:35"
5698039,"卵2個で作る◎なめ茸入り卵焼き","なめ茸入りの卵焼きは、お弁当におすすめの一品です。いつもの卵焼きをアレンジしてマンネリ解消にも◎",6795544,"2019-06-15 11:40:08","2019-06-15 11:39:09","2020-07-08 10:25:37"
4215275,"カニカマでサンタクロース★クリスマス弁当","簡単にできてクリスマスっぽいお弁当です。カニカマととろろ昆布で、凝った材料は使いません。",6795544,"2016-12-02 23:10:59","2016-12-02 23:10:54","2018-12-17 14:06:39"
5011582,"アンチョビガーリックポテト","かんたんおつまみメニュー",10475640,"2018-04-02 23:20:22","2018-04-02 23:20:18","2018-04-03 21:11:08"
5969561,"きのこ汁","きのこのうまみたっぷりのスープです。味付けは白だしのみ。",10475640,"2019-12-31 10:31:51","2019-12-31 10:31:47","2020-02-03 12:35:05"
6281968,"きゅうりのキューちゃんで！タルタルソース","チキン南蛮の付け合わせに、タルタルソースを作りました。きゅうりのキューちゃんの食感がいい感じ！",6795544,"2020-06-06 23:19:26","2020-06-06 23:15:57","2020-07-23 12:02:33"
3900708,"顔弁の作り方〜そぼろ編〜","そぼろを使って簡単にかわいいお弁当を。凝ったキャラ弁よりは簡単です♪",6795544,"2016-06-05 08:33:20","2016-06-05 08:33:14","2016-06-05 08:50:58"
4003786,"豚肉とミョウガのとろっとバタぽん炒め","ミョウガを使って、ご飯が進むおかずを作りました。",6795544,"2016-08-01 20:54:19","2016-08-01 20:54:11","2016-09-06 11:15:10"
7248038,"安い！うまい！血合カレー","スーパーの魚コーナーの片隅で思い出してください。あなたの家計を救うチャンス",30696264,"2023-07-05 21:57:52","2023-07-05 21:57:50","2023-07-06 11:38:00"
7251604,"1・2歳に◎ズッキーニのソテー","ズッキーニ自体の甘みがおいしいので味付けしなくても子どもはパクパク食べてます。大人にもおいしいです。",10475640,"2023-07-10 00:23:21","2023-07-10 00:23:18","2023-07-10 00:31:26"
4829277,"ブリーチーズのトリュフオイルがけ","おつまみに。トリュフオイルとチーズって合うんですね。",10475640,"2017-12-02 01:26:08","2017-12-02 01:13:57","2020-02-19 23:40:03"
4126155,"ほうれん草のめんつゆおかか和え","ほうれん草の簡単すぎる食べ方。でもお弁当にも使えて、すごく便利です！",6795544,"2016-10-17 07:14:15","2016-10-16 22:11:17","2016-10-17 07:14:15"
6013785,"基本は放置！ラムシャンクの和風煮込み","放置するだけでトロトロのすね肉が食べられます。 ",30696264,"2020-02-01 10:07:29","2020-02-01 10:07:27","2020-02-01 11:03:31"
5413944,"我が家の豚の角煮","定番メニューの豚の角煮です。 圧力鍋で簡単にとろとろになります！",15735327,"2018-12-31 10:33:48","2018-12-16 11:30:21","2019-01-10 11:37:01"
3175084,"タマネギ入り☆ツナマヨでホットサンド","バウルーで作る簡単ホットサンドレシピ",6795544,"2015-05-14 16:00:05","2015-05-14 15:59:58","2015-05-28 15:31:53"
4109958,"鮭フレークとごまのオイルおにぎり","少ない材料で作るオイルおにぎり。お弁当にもってこいです。",6795544,"2016-10-07 10:07:43","2016-10-07 10:07:37","2016-10-07 10:14:37"
5408898,"ポトフのアレンジリゾット","ポトフの残りをアレンジしました。朝ごはんにどうぞ",15735327,"2018-12-12 11:34:38","2018-12-12 11:34:23","2018-12-12 11:42:11"
5104901,"アイスコーヒー 2~3人分","ハンドドリップで淹れるアイスコーヒーの分量メモです。たっぷり2人分、かるく3人です。",10475640,"2018-06-03 11:22:58","2018-06-03 11:22:54","2021-08-16 09:07:50"
1019411,"お好み卵サンド","お好み焼きのソースで味付けした卵サンドです。ボリュームたっぷりでモリモリ食べましょう。",1850835,"2010-01-24 21:02:43","2010-01-24 21:02:43","2011-07-14 11:37:32"
5116829,"わが家の簡単いぶりがっこポテサラ！","我が家のポテトサラダです。 電子レンジで簡単！いぶりがっこやきゅうりの食感がアクセントで美味しいです。",15735327,"2018-06-11 18:32:52","2018-06-10 20:51:32","2019-01-22 17:06:28"
4766071,"【きゅうり無し】レタスで生ハムユッケ","生ハムユッケをレタスで！",10475640,"2017-10-19 21:36:34","2017-10-19 21:34:15","2017-10-20 00:17:32"
2251689,"旬のグリーンピースで！うぐいす餡","夫実家から送られてきたフレッシュなグリーンピースを活用。白玉に添えたり和菓子にアレンジしたりと、活用できます。",1850835,"2013-09-02 11:53:12","2013-06-10 10:35:13","2014-07-15 13:31:26"
4983205,"鶏むね肉ハム 〜トリュフ風味〜","トリュフ風味シリーズ。鶏ハムにも合いました。",10475640,"2018-03-14 23:17:43","2018-03-14 23:17:39","2018-03-14 23:35:42"
5416590,"すた丼！目指せまぜそば直太朗","お昼ご飯にどうぞ。 すた丼で元気が出ます！",15735327,"2018-12-18 09:03:31","2018-12-18 09:03:02","2018-12-20 13:54:45"
5030939,"苺とクリームチーズの生ハム巻き","女子会、パーティにぴったり♪簡単に作れる生ハムの前菜です。",6795544,"2018-04-15 18:52:05","2018-04-15 18:52:01","2018-04-15 19:00:54"
4102681,"簡単キャラ弁！卵焼きでハロウィンのり巻き","ハロウィンのキャラ弁にぴったり！ジャックオランタンの簡単かわいい卵焼き入りのり巻きです。",6795544,"2016-10-03 12:45:41","2016-10-03 12:45:37","2016-10-18 09:38:39"
4982069,"ハムとチーズとトリュフ塩のトースト","普通のトーストにトリュフ塩をかけるだけで贅沢気分を味わえます",10475640,"2018-03-14 10:11:00","2018-03-14 10:10:55","2018-03-14 10:11:04"
5346202,"ベーコンとチーズの卵かけご飯","卵かけご飯にチーズとベーコンを加えて、洋風にアレンジしました！",15735327,"2018-11-21 08:43:12","2018-11-21 08:43:08","2021-01-01 14:07:36"
6008338,"煮込むだけ！土鍋ラム肉チャンスンマハ","ひたすら煮込むだけなのに滋味あふれる美味しさ",30696264,"2020-01-28 16:01:19","2020-01-28 15:58:51","2020-02-01 11:57:29"
6255826,"糖質オフ！アーモンドミルクでいちごミルク","簡単に作れて、おやつにぴったり！罪悪感なく、美味しく飲めるドリンクです♪",6795544,"2020-05-25 22:29:42","2020-05-25 22:29:39","2020-05-26 00:07:47"
2332714,"圧力鍋で簡単！スペアリブの赤ワイン煮込み","圧力鍋で15分！驚くほど簡単に柔らかな煮込みができます。トマトケチャップと赤ワインで旨みたっぷり！おもてなしにも便利。",1850835,"2014-12-16 10:41:33","2013-09-03 09:08:23","2016-03-15 12:14:55"
3439672,"基本のツナマヨ","おにぎりの定番具材ツナマヨ。改めてレシピにしてみました",6795544,"2020-05-29 19:35:18","2015-10-04 09:43:27","2020-05-29 19:35:18"
5150742,"アボカドの瀬戸内レモン塩＆レモスコ和え","瀬戸内のレモン塩とレモスコを和えました",10475640,"2018-07-03 01:23:44","2018-07-03 01:23:41","2018-07-03 11:30:48"
6177411,"春キャベ納豆と鮭の塩昆布蒸し","鮭と春キャベツで春の味覚堪能。納豆のせてボリューム感も◎",30696264,"2020-04-28 21:08:36","2020-04-28 21:06:30","2020-04-30 10:30:14"
7251614,"鶏ハム","いつも作ってる鶏ハムです。",10475640,"2023-07-10 00:36:18","2023-07-10 00:36:16","2023-07-13 15:59:03"
3268832,"ハムと人参のエジプト塩炒め","お気に入りの万能調味料『エジプト塩』を使った、彩りのいいおかずです",6795544,"2015-07-01 11:16:12","2015-06-30 21:59:00","2015-07-01 11:18:09"
5474277,"ごま油が合う◎ほうれん草の塩昆布和え","材料はシンプルにほうれん草と塩昆布だけ！茹でて和えるだけの簡単メニューです。お弁当にもおすすめです。",6795544,"2019-01-27 21:02:24","2019-01-27 21:01:59","2019-01-27 21:07:10"
6316525,"糖質オフ！パクチー搾菜豆腐","エスニックな冷奴です。パクチー好きな方はぜひ！ナッツの食感もいい感じです。",6795544,"2020-06-24 12:50:03","2020-06-24 12:50:02","2020-06-24 12:55:13"
7220321,"市販の汁なし坦々麺のタレで◎豆腐干","豆腐干を使ったアレンジメニュー。冷やしても美味しいです。お弁当にも持っていけます。",6795544,"2023-06-05 13:32:42","2023-06-05 13:32:39","2023-07-05 17:41:14"
7261188,"塩麹マグロのカルパッチョ","スーパーの安いマグロが驚くほど美味しくなります",30696264,"2023-07-20 21:34:53","2023-07-20 21:34:51","2023-07-20 21:44:17"
7262515,"鶏ハムにおかずラー油でなんちゃって口水鶏","全く口水鶏ではないけど、おいしいよ",10475640,"2023-07-22 13:11:44","2023-07-22 13:11:41","2023-07-26 14:09:30"
2238013,"シュトロイゼルクーヘン","母が小さい頃に作ってくれた大好きな菓子パンです。今はうちの子ども達にも大人気です。",1850835,"2013-05-28 09:48:54","2013-05-28 09:48:54","2016-05-24 11:31:48"
6495829,"めんツナかんかんとキャベツの和風サラダ","福岡の明太子味のツナ缶と、千切りキャベツを使ったヘルシーサラダです。",6795544,"2020-10-19 13:00:12","2020-10-19 12:54:10","2020-10-19 13:02:45"
5399629,"風邪の時に！きのこと卵の雑炊","風邪の時の朝ごはんに。優しい味です。",15735327,"2018-12-05 14:26:46","2018-12-05 14:26:27","2018-12-05 19:07:34"
5770187,"そうめんカッペリーニ","トマトとバジルの冷製カッペリーニをそうめんで",10475640,"2019-08-03 21:14:57","2019-08-03 21:14:54","2019-08-03 21:29:25"
3051757,"お弁当に☆ベーコンと椎茸の洋風混ぜごはん","お弁当にぴったりの簡単洋風混ぜごはん。ハンバーグなどにも合いそうです☆",6795544,"2015-03-06 12:13:33","2015-03-06 12:05:48","2015-04-28 07:43:28"
4231653,"リボンにんじんの和風炒め","お弁当の彩りに。人参の切り方を変えるだけで、詰めた時の印象も変わります。",6795544,"2016-12-12 08:24:37","2016-12-11 22:22:26","2016-12-12 09:49:53"
5013978,"四川風？具沢山トマトラーメン","花椒でピリリと辛いトマトラーメンです！",10475640,"2018-04-04 17:37:39","2018-04-04 17:37:35","2018-04-04 18:32:18"
5476611,"納豆とキムチの爆弾混ぜうどん！","スタミナ栄養のあるうどんです。 うどんの代わりにごはんにして納豆卵かけご飯にしても美味しいです！",15735327,"2019-01-29 11:25:49","2019-01-29 11:25:47","2019-08-07 14:04:09"
1468815,"母直伝♪うちの茹でない塩豚","母がよく作ってくれた塩豚は、熱湯の中で保温することで火を通します。パサつかず、誰でも失敗なくしっとり仕上がります。",1850835,"2011-06-13 06:27:57","2011-06-13 06:27:57","2016-03-15 12:12:16"
5010327,"鶏皮チャーハン","鶏皮が余ったらチャーハンを作っちゃいましょう",10475640,"2018-04-02 01:23:00","2018-04-02 01:22:55","2021-09-11 00:37:49"
7241946,"オフィスでできる！グラスパフェ","特別な材料や道具なし！あなたの思いをパフェにぶつけてください。",30696264,"2023-06-28 22:35:56","2023-06-28 22:35:53","2023-06-28 22:59:22"
